INSERT INTO market (market_id, NAME, DESCRIPTION, LATITUDE, LONGITUDE, ADDRESS, DISTRICT)
VALUES (1,
        '서문시장',
        '서문시장은 대구광역시 중구 대신동에 있는 재래시장으로, 대구에서 가장 큰 재래시장입니다. 칠성시장과 함께 대구의 2대 장터를 이루고 있으며, 조선 시대부터 서울 시전, 평양장과 더불어 3대 시장으로 발전하여 현재까지 이어오고 있습니다. 주로 섬유와 직물 품목을 취급하고 있으며, 대구권의 중심 시장 역할을 하고 있습니다. 6개 지구로 구성되어 있고 지구 내에 4천여개의 점포가 입주해 있으며, 주위에도 다양한 상권이 발달했습니다.',
        35.8691433593888000,
        128.5799189464400000,
        '대구광역시 중구 달성로 50',
        '중구'),

       (2,
        '교동시장',
        '교동시장은 대구 중구 교동 도심 한복판에 위치한 대형 시장입니다. 남녀노소 다양한 연령층 모두에게 사랑 받는 곳으로, 상가 건물형 시장으로 형성되어 있어 길을 따라 골목골목 많은 볼거리와 다양한 먹거리를 즐길 수 있습니다. 또한, 시장에서 멀지 않은 곳에 백화점이 있고, 대구 최대 번화가인 동성로와도 가까운 곳에 위치하고 있어 주말에는 가족, 친구, 연인과 함께 나들이 장소로도 손색이 없습니다.',
        35.8730843210147,
        128.596560735631,
        '대구 중구 동성로 70-15',
        '중구'),

       (3,
        '약령시장',
        '대구 약령시는 조선 후기 1658년에 개시되어 현재까지 이어지고 있는 대구의 한약재 시장입니다. 조선 후기에는 경상감영 내 객사 주변에서 열렸고, 대구읍성이 철거된 후 1908년에 약전골목(남성로)으로 이전했습니다. 발생 때부터 8·15 광복 후 얼마 동안까지는 봄, 가을에 열리는 계절시장이었지만, 현대에 이르러 상설시장으로 변모했습니다. 매년 5월에는 대구광역시청이 주관하는 대구약령시한방문화축제가 개최되고 있습니다.',
        35.8675202273444,
        128.590753014195,
        '대구 중구 남성로 27-1',
        '중구'),

       (4,
        '방천시장',
        '방천시장은 신천과 국채보상로가 만나는 수성교 옆에 자리해 있습니다. 신천제방을 따라 개설되어 방천시장이라 불렸습니다. 1945년 해방 후 일본, 만주 등지에서 돌아온 이주민들이 이곳에서 장사를 시작하였고, 이것이 방천시장의 시초가 되었다고 합니다. 이후 1960년대 방천시장은 싸전과 떡전으로 유명세를 탔고, 한때는 점포 수 1,000개가 넘는 대구의 대표 재래시장 중 하나였습니다. 그러나 도심공동화와 대형마트, 주변 백화점 등에 밀려 점점 쇠락해 가던 중 2009년부터 ‘별의별 별시장 프로젝트’, ‘문전성시 프로젝트’ 등을 통해 다시 한 번 중흥을 맞이하고 있습니다.',
        35.8622034722115,
        128.605990245792,
        '대구광역시 중구 대봉1동 달구벌대로446길 2',
        '중구');


INSERT INTO tourism_spot (TOURISM_SPOT_ID, NAME, DISTRICT, DESCRIPTION, LATITUDE, LONGITUDE, ADDRESS)
VALUES (1,
        '83타워',
        '달서구',
        '83타워는 대한민국 대구광역시 달서구 두류2동에 위치한 전파 송출용 탑이다. 대구의 직할시 승격을 기념하기 위해 1984년 10월에 착공하였으나 사업 시행사의 부도로 한 차례 공사 중단 사태를 맞았다. 이후 대구 지역 건설사인 (주)우방이 재착공을 하면서 타워가 1992년에 완공했다. 이뿐만 아니라 일대에 종합 테마 공원을 조성하여 1995년에 오픈했다. 83타워는 타워 꼭대기가 83층에 해당하여 이름 붙여졌으며, 대구타워, 우방타워로도 불린다. 1992년 1월에 개관한 83타워는 국내 최대의 전망탑 중의 하나로 다보탑 형태의 팔각형 탑신으로 안정감과 한국의 전통적 건축미를 재현했다고 칭찬이 자자하였으며 2010년 수성구 두산동의 수성SK리더스뷰(217m)가 완공되기 이전까지 대구광역시에서 가장 높은 건축물로 군림했었다. 1995년 3월 28일에 종합 테마공원인 우방타워랜드를 개장하였다. 이랜드가 인수한 후 2011년 3월 우방랜드는 이월드로 개칭하였다. 이와 함께 우방타워를 83타워로 개칭하였다. 전망 엘리베이터는 1초에 3.2미터를 올라간다고 하며 타워 제일 꼭대기에는 대구 전체를 한눈에 볼 수 있는 전망대와 스카이 라운지가 있다. 이 곳은 해발 260미터에 있는 창가를 따라 좌석이 놓여 있는데 데이트 장소로도 많이 이용되고 있다.',
        128.563403,
        35.8540255,
        '대구 달서구 두류 공원로 200'
       ),

       (2,
        '두류공원',
        '달서구',
        '두류공원(頭流公園)은 대한민국 대구광역시 달서구 두류동과 성당동에 위치한 도시근린공원이다. 대구문화예술회관 뒤편의 금봉산과 이월드가 세워진 두류산을 중심으로 형성되어 있고, 1965년 2월 공원으로 지정되었다. 본격적인 개발은 1977년에 이루어졌고 면적은 1,653,965 m²이다. 한편, 1986년 3월 22일과 3월 23일에 이곳 운동장에서 86 춘계 축구대제전 경기가 열리기도 했다',
        128.558793,
        35.8509133,
        '대구 달서구 공원순환로 36'
        ),

       (3,
        '경북대학교',
        '북구',
        '대구광역시 북구, 경상북도 상주시에 소재한 4년제 국립대학. 의과대학, 치과대학, 약학대학, 수의과대학, 간호대학, 경상대학, 사범대학, IT대학, 농업생명과학대학 등의 단과대학과 일반대학원 및 전문대학원을 갖춘 대규모 종합대학이다. 대학본부가 위치한 산격캠퍼스, 간호대학, 의과대학, 치과대학이 위치한 동인캠퍼스, 상주캠퍼스, 의과대학 의생명과학관, 칠곡경북대학교병원이 위치한 칠곡메디캠퍼스, 군위캠퍼스 등 여러 지역에 캠퍼스가 설치되어 있다.',
        128.610697,
        35.8899242,
        '대구 북구 대학로 80 경북대학교'
        ),

       (4,
        '수성못',
        '수성구',
        '일제강점기때인 1925년에 축조됐다. 수성들에 홍수와 가뭄으로 피해가 계속되자 일본인 미즈사키 린타로가 조선총독부로부터 지원을 받아 만들어졌다. 린타로는 1939년에 사망했고, 수성못 옆에 묻혔다. 1970년대까지만 해도 수성못 일대는 논과 밭으로 이루어져 있었으며, 민가도 거의 없었다. 1975년 들안길 삼거리가 비포장도로로 개설됐다. 1984년에 현재의 두산오거리 자리에 두산네거리가 만들어졌다. 1980년대 후반부터 시내 중심가의 대형식당들이 들안길에 생기면서, 현재의 들안길 먹거리타운이 형성됐다. 1980년대 못 둘레를 따라 포장마차가 불야성을 이룬 유원지였으나 1991년 모두 철거된 뒤 재정비됐다. 2015년 도시철도 3호선이 개통되고 주변에 커피숍과 카페 등으로 늘어서면서 핫 플레이스가 됐다. 2019년 12월에는 수성빛예술제라는 축제가 개최됐다.',
        128.618058,
        35.8292691,
        '대구 수성구 두산동 512'
        );

INSERT INTO market_video (market_id, market_video_id, url)
VALUES
    (1, 1, 'https://www.youtube.com/watch?v=yzrze5XTlCw&list=RDyzrze5XTlCw'),
    (1, 2, 'https://www.youtube.com/watch?v=AJsvGtGgI6M&list=RDyzrze5XTlCw'),
    (1, 3, 'https://www.youtube.com/watch?v=3ERtNZqh1XA&list=RDyzrze5XTlCw'),
    (2, 4, 'https://www.youtube.com/watch?v=3gQCd30oEcQ&list=RDyzrze5XTlCw'),
    (2, 5, 'https://www.youtube.com/watch?v=25ftfuu3jso&list=RDyzrze5XTlCw'),
    (2, 6, 'https://www.youtube.com/watch?v=oLVgwsevkco&list=RDyzrze5XTlCw'),
    (3, 7, 'https://www.youtube.com/watch?v=rikm9eS6JAE&list=RDyzrze5XTlCw'),
    (3, 8, 'https://www.youtube.com/watch?v=gz0o5HLbtOw'),
    (3, 9, 'https://www.youtube.com/watch?v=jy8eGRwI9h8'),
    (4, 10, 'https://www.youtube.com/watch?v=BBdC1rl5sKY'),
    (4, 11, 'https://www.youtube.com/watch?v=lOrU0MH0bMk'),
    (4, 12, 'https://www.youtube.com/watch?v=b1ybcReyFFc');

INSERT INTO market_tourism_spot (MARKET_TOURISM_SPOT_ID, MARKET_ID, TOURISM_SPOT_ID)
VALUES
    (1, 1, 1),
    (2, 1, 2),
    (3, 2, 2),
    (4, 2, 3),
    (5, 3, 3),
    (6, 3, 4),
    (7, 4, 4),
    (8, 4, 1);


INSERT INTO tourism_spot_picture (TOURISM_SPOT_ID, TOURISM_SPOT_PICTURE_ID, URL)
VALUES
    (1, 1, ':8080/img/83Tower1.jpeg'),
    (1, 2, ':8080/img/83Tower2.jpeg'),
    (1, 3, ':8080/img/83Tower3.jpeg'),
    (1, 4, ':8080/img/83Tower4.jpeg'),
    (2, 5, ':8080/img/DuryuPark1.jpeg'),
    (3, 6, ':8080/img/KNU1.jpeg'),
    (3, 7, ':8080/img/KNU2.jpeg'),
    (3, 8, ':8080/img/KNU3.jpeg'),
    (3, 9, ':8080/img/KNU4.jpeg'),
    (4, 10, ':8080/img/SuseongLake1.jpeg'),
    (4, 11, ':8080/img/SuseongLake2.jpeg'),
    (4, 12, ':8080/img/SuseongLake3.jpeg'),
    (4, 13, ':8080/img/SuseongLake4.jpeg');