INSERT INTO market (market_id, NAME, DESCRIPTION, LATITUDE, LONGITUDE, ADDRESS, DISTRICT)
VALUES (1,
        '서문시장',
        '서문시장은 대구광역시 중구 대신동에 있는 재래시장으로, 대구에서 가장 큰 재래시장입니다. 칠성시장과 함께 대구의 2대 장터를 이루고 있으며, 조선 시대부터 서울 시전, 평양장과 더불어 3대 시장으로 발전하여 현재까지 이어오고 있습니다. 주로 섬유와 직물 품목을 취급하고 있으며, 대구권의 중심 시장 역할을 하고 있습니다. 6개 지구로 구성되어 있고 지구 내에 4천여개의 점포가 입주해 있으며, 주위에도 다양한 상권이 발달했습니다.',
        35.8691433593888000,
        128.5799189464400000,
        '대구광역시 중구 달성로 50',
        '중구'),

       (2,
        '교동시장',
        '교동시장은 대구 중구 교동 도심 한복판에 위치한 대형 시장입니다. 남녀노소 다양한 연령층 모두에게 사랑 받는 곳으로, 상가 건물형 시장으로 형성되어 있어 길을 따라 골목골목 많은 볼거리와 다양한 먹거리를 즐길 수 있습니다. 또한, 시장에서 멀지 않은 곳에 백화점이 있고, 대구 최대 번화가인 동성로와도 가까운 곳에 위치하고 있어 주말에는 가족, 친구, 연인과 함께 나들이 장소로도 손색이 없습니다.',
        35.8730843210147,
        128.596560735631,
        '대구 중구 동성로 70-15',
        '중구'),

       (3,
        '약령시장',
        '대구 약령시는 조선 후기 1658년에 개시되어 현재까지 이어지고 있는 대구의 한약재 시장입니다. 조선 후기에는 경상감영 내 객사 주변에서 열렸고, 대구읍성이 철거된 후 1908년에 약전골목(남성로)으로 이전했습니다. 발생 때부터 8·15 광복 후 얼마 동안까지는 봄, 가을에 열리는 계절시장이었지만, 현대에 이르러 상설시장으로 변모했습니다. 매년 5월에는 대구광역시청이 주관하는 대구약령시한방문화축제가 개최되고 있습니다.',
        35.8675202273444,
        128.590753014195,
        '대구 중구 남성로 27-1',
        '중구'),

       (4,
        '방천시장',
        '방천시장은 신천과 국채보상로가 만나는 수성교 옆에 자리해 있습니다. 신천제방을 따라 개설되어 방천시장이라 불렸습니다. 1945년 해방 후 일본, 만주 등지에서 돌아온 이주민들이 이곳에서 장사를 시작하였고, 이것이 방천시장의 시초가 되었다고 합니다. 이후 1960년대 방천시장은 싸전과 떡전으로 유명세를 탔고, 한때는 점포 수 1,000개가 넘는 대구의 대표 재래시장 중 하나였습니다. 그러나 도심공동화와 대형마트, 주변 백화점 등에 밀려 점점 쇠락해 가던 중 2009년부터 ‘별의별 별시장 프로젝트’, ‘문전성시 프로젝트’ 등을 통해 다시 한 번 중흥을 맞이하고 있습니다.',
        35.8622034722115,
        128.605990245792,
        '대구광역시 중구 대봉1동 달구벌대로446길 2',
        '중구');


INSERT INTO tourism_spot (TOURISM_SPOT_ID, NAME, DISTRICT, DESCRIPTION, LATITUDE, LONGITUDE, ADDRESS)
VALUES (1,
        '계산 성당',
        '중구',
        '천주교 대구대교구 계산주교좌대성당은 대구광역시 중구 계산오거리에 위치한 천주교 대구대교구교구장 대주교의 주교좌 성당입니다. 본당의 주보 성인은 루르드의 성모 마리아입니다. 1911년에 대구대목구가 설정되었을 때 주교좌 성당으로 결정되었으며, 현재 교적상 신자수는 12,000여명입니다.',
        35.8679438619655,
        128.587680932005,
        '대구 중구 서성로 10'
        ),

       (2,
        '선교사주택',
        '중구',
        '1906년부터 1910년경에 건축된 사택으로, 스윗즈 여사를 비롯해 계성학교 4대 교장인 헨더슨, 계명대학교 초대학장인 캠벨 등의 선교사들이 거주했습니다. 이 건물은 전통 한식과 양식의 조화가 잘 어우러져 있으며, 1736년 조선 영조대 대구읍성 축조때 사용된 성돌로 바른층 쌓기 기초를 하고 그 위에 붉은 벽돌을 길이 쌓기와 1단 마구리로 쌓았습니다. 지붕은 한식 기와를 이은 박공지붕이었으나 함석으로 개조되었다가 다시 기와지붕으로 개조되었습니다.1981년 동산의료재단에서 인수하여 현재는 선교박물관으로 이용되고 있습니다. 1층에는 각종 성경과 선교유물, 기독교의 전래 과정 등의 사진 자료와 2층에는 성막 모형 및 이스라엘 현지에서 구입한 구약 ㆍ신약 관련 소품들을 관람할 수 있습니다.',
        128.583152,
        35.8691225,
        '대구광역시 중구 달성로 56'
        ),

       (3,
        '대구 예술 발전소',
        '중구',
        '대구광역시 중구 달성로22길 31-12(대구 중구 수창동 58-2)에 위치한 문화예술복합센터이다. 2008년 10월 “지역근대산업유산을 활용한 문화예술 창작벨트조성” 계획의 정부사업으로 선정되어 추진되었다.',
        128.584506,
        35.8754487,
        '대구광역시 중구 달성로22길 31-12'
        ),

       (4,
        '김광석다시그리기길',
        '중구',
        '대봉동 방천시장은 고인이 된 가수 김광석의 출생지[1]이기 때문에 전통시장 살리기+관광사업에 골몰하던 대구시와 당시 문화거리를 구상하던 젊은 문화예술인들의 참여에 힘입어 2010년부터 관광지화하여 김광석 벽화, 김광석 거리, 김광석 좌상을 비롯하여 김광석과 관련된 것들을 많이 조성하였다. 2010년 11월 20일 공개되었으며, 약 350 m의 길에 시인 정훈교의 시 10편을 비롯하여, 김광석의 삶과 노래를 주제로 한 다양한 벽화와 작품들이 들어서 많은 사람들이 찾는 명소가 되어 도시재생의 모범 사례로 언급되기도 한다.',
        128.607361,
        35.8618355,
        '대구 중구 달구벌대로 450길'
        ),

       (5,
        '83타워',
        '달서구',
        '83타워는 대한민국 대구광역시 달서구 두류2동에 위치한 전파 송출용 탑이다. 대구의 직할시 승격을 기념하기 위해 1984년 10월에 착공하였으나 사업 시행사의 부도로 한 차례 공사 중단 사태를 맞았다. 이후 대구 지역 건설사인 (주)우방이 재착공을 하면서 타워가 1992년에 완공했다. 이뿐만 아니라 일대에 종합 테마 공원을 조성하여 1995년에 오픈했다. 83타워는 타워 꼭대기가 83층에 해당하여 이름 붙여졌으며, 대구타워, 우방타워로도 불린다. 1992년 1월에 개관한 83타워는 국내 최대의 전망탑 중의 하나로 다보탑 형태의 팔각형 탑신으로 안정감과 한국의 전통적 건축미를 재현했다고 칭찬이 자자하였으며 2010년 수성구 두산동의 수성SK리더스뷰(217m)가 완공되기 이전까지 대구광역시에서 가장 높은 건축물로 군림했었다. 1995년 3월 28일에 종합 테마공원인 우방타워랜드를 개장하였다. 이랜드가 인수한 후 2011년 3월 우방랜드는 이월드로 개칭하였다. 이와 함께 우방타워를 83타워로 개칭하였다. 전망 엘리베이터는 1초에 3.2미터를 올라간다고 하며 타워 제일 꼭대기에는 대구 전체를 한눈에 볼 수 있는 전망대와 스카이 라운지가 있다. 이 곳은 해발 260미터에 있는 창가를 따라 좌석이 놓여 있는데 데이트 장소로도 많이 이용되고 있다.',
        128.563403,
        35.8540255,
        '대구 달서구 두류 공원로 200'
        );

INSERT INTO market_video (market_id, market_video_id, url)
VALUES
    (1, 1, 'https://www.youtube.com/watch?v=yzrze5XTlCw&list=RDyzrze5XTlCw'),
    (1, 2, 'https://www.youtube.com/watch?v=AJsvGtGgI6M&list=RDyzrze5XTlCw'),
    (1, 3, 'https://www.youtube.com/watch?v=3ERtNZqh1XA&list=RDyzrze5XTlCw'),
    (2, 4, 'https://www.youtube.com/watch?v=3gQCd30oEcQ&list=RDyzrze5XTlCw'),
    (2, 5, 'https://www.youtube.com/watch?v=25ftfuu3jso&list=RDyzrze5XTlCw'),
    (2, 6, 'https://www.youtube.com/watch?v=oLVgwsevkco&list=RDyzrze5XTlCw'),
    (3, 7, 'https://www.youtube.com/watch?v=rikm9eS6JAE&list=RDyzrze5XTlCw'),
    (3, 8, 'https://www.youtube.com/watch?v=gz0o5HLbtOw'),
    (3, 9, 'https://www.youtube.com/watch?v=jy8eGRwI9h8'),
    (4, 10, 'https://www.youtube.com/watch?v=BBdC1rl5sKY'),
    (4, 11, 'https://www.youtube.com/watch?v=lOrU0MH0bMk'),
    (4, 12, 'https://www.youtube.com/watch?v=b1ybcReyFFc');

INSERT INTO market_tourism_spot (MARKET_TOURISM_SPOT_ID, MARKET_ID, TOURISM_SPOT_ID)
VALUES
    (1, 1, 2),
    (2, 1, 3),
    (3, 2, 5),
    (4, 3, 4),
    (5, 3, 2),
    (6, 3, 1),
    (7, 4, 5);


INSERT INTO tourism_spot_picture (TOURISM_SPOT_ID, TOURISM_SPOT_PICTURE_ID, URL)
VALUES
    (1, 1, ':8080/img/GyesanCathedral1.png'),
    (1, 2, ':8080/img/GyesanCathedral2.png'),
    (2, 3, ':8080/img/missionaryhouses3.png'),
    (2, 4, ':8080/img/missionaryhouses4.png'),
    (3, 5, ':8080/img/DaeguArtFactory5.png'),
    (3, 6, ':8080/img/DaeguArtFactory5.png'),
    (4, 7, ':8080/img/KimKwangSeokRoad7.png'),
    (4, 8, ':8080/img/KimKwangSeokRoad8.png'),
    (5, 9, ':8080/img/83Tower9.png'),
    (5, 10, ':8080/img/83Tower10.png');
